<beans xmlns="http://www.springframework.org/schema/beans"
	xmlns:xsi="http://www.w3.org/2001/XMLSchema-instance" xmlns:context="http://www.springframework.org/schema/context"
	xsi:schemaLocation="http://www.springframework.org/schema/beans
     http://www.springframework.org/schema/beans/spring-beans-4.0.xsd
     http://www.springframework.org/schema/context
     http://www.springframework.org/schema/context/spring-context-4.0.xsd">
	
<!-- 	<context:component-scan base-package="com.cg.anno" /> -->
	<bean id="hBean" class="com.cg.demo.HelloBean"/>
	
	
	<bean id="address" class="com.cg.demo.Address">
	
	<!-- <property name="addressLine" value="Hinjewadi"/>
	<property name="city" value="Pune"/> -->
	
	<constructor-arg index="0"  value="Hinjewadi"/>
	 <constructor-arg index="1"  value="Pune"/>
	 </bean>
	 
	 <bean id="emp" class="com.cg.demo.Employee" autowire="byType">
	 <property name="empid" value="1001"/>
	 <property name="ename" value="KT"/>
	 
	 <!-- <property name="address" ref="address"/> -->
	 

	 </bean>
</beans>